open,high,low,close,volume,adjusted_close,time
141.26333333333335,142.92663333333334,135.35,137.9933,147438770,137.9933,2020-10-06 00:00:00 Tuesday
139.95666666666668,143.29999999999998,137.94833333333335,141.7667,129383129,141.7667,2020-10-07 00:00:00 Wednesday
146.14666666666668,146.33333333333334,141.76666666666668,141.9733,121263359,141.9733,2020-10-08 00:00:00 Thursday
143.37666666666667,144.8633,142.15336666666667,144.6667,86776977,144.6667,2020-10-09 00:00:00 Friday
147.33333333333334,149.58,146.19333333333333,147.4333,116373384,147.4333,2020-10-12 00:00:00 Monday
147.78333333333333,149.63,145.53333333333333,148.8833,103391013,148.8833,2020-10-13 00:00:00 Tuesday
149.92666666666665,155.29999999999998,149.11666666666667,153.7667,144136169,153.7667,2020-10-14 00:00:00 Wednesday
150.10333333333332,152.19,147.5,149.6267,107017053,149.6267,2020-10-15 00:00:00 Thursday
151.48,151.9833,146.28333333333333,146.5567,98327634,146.5567,2020-10-16 00:00:00 Friday
148.74666666666667,149.0,142.95666666666668,143.61,108863517,143.61,2020-10-19 00:00:00 Monday
143.91666666666666,143.91666666666666,139.68336666666667,140.6467,94968858,140.6467,2020-10-20 00:00:00 Tuesday
140.9,144.31666666666666,140.41666666666666,140.88,97111380,140.88,2020-10-21 00:00:00 Wednesday
147.30666666666667,148.41,141.50333333333333,141.93,119979570,141.93,2020-10-22 00:00:00 Thursday
140.61333333333332,140.96196666666665,135.79336666666669,140.21,101150937,140.21,2020-10-23 00:00:00 Friday
137.21,141.92,136.66666666666666,140.0933,84717478,140.0933,2020-10-26 00:00:00 Monday
141.25333333333333,143.5,140.03333333333333,141.56,68059528,141.56,2020-10-27 00:00:00 Tuesday
138.82666666666668,139.53333333333333,135.33333333333334,135.34,76354222,135.34,2020-10-28 00:00:00 Wednesday
136.65333333333334,139.35333333333332,135.48666666666665,136.9433,67965931,136.9433,2020-10-29 00:00:00 Thursday
135.6318,135.86383333333333,126.37,129.3467,127762919,129.3467,2020-10-30 00:00:00 Friday
131.33333333333334,135.65996666666666,130.76666666666668,133.5033,87063354,133.5033,2020-11-02 00:00:00 Monday
136.57666666666668,142.59,135.56333333333333,141.3,103055154,141.3,2020-11-03 00:00:00 Tuesday
143.54,145.13333333333333,139.03333333333333,140.3267,96429180,140.3267,2020-11-04 00:00:00 Wednesday
142.76666666666668,146.66666666666666,141.33336666666665,146.03,85243558,146.03,2020-11-05 00:00:00 Thursday
145.36666666666667,145.52333333333334,141.42666666666665,143.3167,65118028,143.3167,2020-11-06 00:00:00 Friday
146.5,150.83333333333334,140.33333333333334,140.42,104499090,140.42,2020-11-09 00:00:00 Monday
140.03,140.03,132.01003333333333,136.7867,90852660,136.7867,2020-11-10 00:00:00 Tuesday
138.81666666666666,139.565,136.85999999999999,139.0433,52073161,139.0433,2020-11-11 00:00:00 Wednesday
138.35,141.0,136.50666666666666,137.2533,59821498,137.2533,2020-11-12 00:00:00 Thursday
136.95000000000002,137.51063333333335,133.88666666666668,136.1667,59491048,136.1667,2020-11-13 00:00:00 Friday
136.31,137.48333333333332,134.69559999999998,136.03,80515921,136.03,2020-11-16 00:00:00 Monday
153.39000000000001,154.0,144.33666666666667,147.2033,183564838,147.2033,2020-11-17 00:00:00 Tuesday
149.45000000000002,165.33333333333334,147.83336666666665,162.2133,234132041,162.2133,2020-11-18 00:00:00 Wednesday
164.0,169.53706666666668,162.52333333333334,166.4233,187426051,166.4233,2020-11-19 00:00:00 Thursday
165.99666666666667,167.5,163.02,163.2033,98735763,163.2033,2020-11-20 00:00:00 Friday
167.83333333333334,175.33333333333334,167.26333333333335,173.95,150780899,173.95,2020-11-23 00:00:00 Monday
180.13333333333333,186.66333333333333,175.4,185.1267,160945459,185.1267,2020-11-24 00:00:00 Tuesday
183.35333333333332,191.33333333333334,181.79,191.3333,146790476,191.3333,2020-11-25 00:00:00 Wednesday
193.72,199.59333333333333,192.8166666666667,195.2533,112683231,195.2533,2020-11-27 00:00:00 Friday
200.73666666666668,202.6,184.83666666666667,189.2,189009136,189.2,2020-11-30 00:00:00 Monday
199.1966666666667,199.28333333333333,190.6833333333333,194.92,121148492,194.92,2020-12-01 00:00:00 Tuesday
185.48000000000002,190.51333333333332,180.40333333333334,189.6067,143326940,189.6067,2020-12-02 00:00:00 Wednesday
196.67333333333332,199.65666666666667,194.14333333333332,197.7933,127655996,197.7933,2020-12-03 00:00:00 Thursday
197.00333333333333,199.67999999999998,195.16666666666666,199.68,88203930,199.68,2020-12-04 00:00:00 Friday
201.6399,216.2618666666667,201.01666666666665,213.92,168929128,213.92,2020-12-07 00:00:00 Monday
208.50166666666667,217.09333333333333,206.16666666666666,216.6267,192795087,216.6267,2020-12-08 00:00:00 Tuesday
217.89666666666668,218.10666666666668,196.0,201.4933,213873579,201.4933,2020-12-09 00:00:00 Wednesday
191.45666666666668,209.25,188.78,209.0233,201249438,209.0233,2020-12-10 00:00:00 Thursday
205.00333333333333,208.0,198.9333333333333,203.33,139424903,203.33,2020-12-11 00:00:00 Friday
206.33333333333334,214.24996666666667,203.40003333333334,213.2767,156121939,213.2767,2020-12-14 00:00:00 Monday
214.42666666666665,215.63333333333333,207.9333333333333,211.0833,135670673,211.0833,2020-12-15 00:00:00 Tuesday
209.41,210.83333333333334,201.66666666666666,207.59,126287423,207.59,2020-12-16 00:00:00 Wednesday
209.39666666666668,219.60666666666668,206.5,218.6333,168810418,218.6333,2020-12-17 00:00:00 Thursday
222.96666666666667,231.66666666666666,209.51333333333332,231.6667,666378590,231.6667,2020-12-18 00:00:00 Friday
222.08,222.83333333333334,215.35666666666668,216.62,174135781,216.62,2020-12-21 00:00:00 Monday
216.0,216.62666666666667,204.74333333333334,213.4467,155584918,213.4467,2020-12-22 00:00:00 Tuesday
210.73333333333335,217.16663333333335,207.52336666666667,215.3267,99518904,215.3267,2020-12-23 00:00:00 Wednesday
214.33,222.03,213.66666666666666,220.59,68596702,220.59,2020-12-24 00:00:00 Thursday
224.83666666666667,227.13333333333333,220.26666666666665,221.23,96835680,221.23,2020-12-28 00:00:00 Monday
220.33333333333334,223.29999999999998,218.33333333333334,221.9967,68732425,221.9967,2020-12-29 00:00:00 Tuesday
224.0,232.20000000000002,222.7867666666667,231.5933,128538056,231.5933,2020-12-30 00:00:00 Wednesday
233.33,239.57333333333335,230.37333333333333,235.2233,148949786,235.2233,2020-12-31 00:00:00 Thursday
239.82000000000002,248.16330000000002,239.06316666666666,243.2567,145914569,243.2567,2021-01-04 00:00:00 Monday
241.22,246.9466666666667,239.73333333333335,245.0367,96735501,245.0367,2021-01-05 00:00:00 Tuesday
252.83,258.0,249.70000000000002,251.9933,134099903,251.9933,2021-01-06 00:00:00 Wednesday
259.21003333333334,272.33003333333335,258.40003333333334,272.0133,154496855,272.0133,2021-01-07 00:00:00 Thursday
285.3333333333333,294.83003333333335,279.4633333333333,293.34,225166586,293.34,2021-01-08 00:00:00 Friday
283.13336666666663,284.81,267.8741,270.3967,178662451,270.3967,2021-01-11 00:00:00 Monday
277.0,289.3333333333333,275.78003333333334,283.1467,138812153,283.1467,2021-01-12 00:00:00 Tuesday
284.25336666666664,286.8233333333333,277.3333333333333,284.8033,99937497,284.8033,2021-01-13 00:00:00 Wednesday
281.13,287.6667,279.5833333333333,281.6667,93798981,281.6667,2021-01-14 00:00:00 Thursday
284.0,286.63336666666663,273.03333333333336,275.3867,116332803,275.3867,2021-01-15 00:00:00 Friday
279.26666666666665,283.3333333333333,277.6667,281.5167,76100938,281.5167,2021-01-19 00:00:00 Tuesday
286.24666666666667,286.5,279.0933333333333,283.4833,76997641,283.4833,2021-01-20 00:00:00 Wednesday
285.0,285.24,280.4734,281.6633,61794391,281.6633,2021-01-21 00:00:00 Thursday
278.1033333333333,282.6667,276.20666666666665,282.2133,60199498,282.2133,2021-01-22 00:00:00 Friday
285.0,300.13336666666663,279.6067,293.6,123520190,293.6,2021-01-25 00:00:00 Monday
297.12666666666667,298.63336666666663,290.53333333333336,294.3633,69394798,294.3633,2021-01-26 00:00:00 Tuesday
290.1166666666667,297.1667,286.21999999999997,288.0533,82001881,288.0533,2021-01-27 00:00:00 Wednesday
273.3333333333333,282.6667,267.0,278.4767,79134145,278.4767,2021-01-28 00:00:00 Thursday
276.6667,280.80333333333334,260.03333333333336,264.51,104972259,264.51,2021-01-29 00:00:00 Friday
271.43,280.6667,265.18670000000003,279.9367,76174171,279.9367,2021-02-01 00:00:00 Monday
281.56,293.5,280.73353333333336,290.93,73038619,290.93,2021-02-02 00:00:00 Tuesday
292.34003333333334,292.6933666666667,284.3548666666667,284.8967,55030528,284.8967,2021-02-03 00:00:00 Wednesday
285.0,285.5,277.8066666666667,283.33,47437979,283.33,2021-02-04 00:00:00 Thursday
281.6667,288.25666666666666,279.6566666666667,284.0767,55699921,284.0767,2021-02-05 00:00:00 Friday
289.89,292.59003333333334,284.9167,287.8067,60485161,287.8067,2021-02-08 00:00:00 Monday
285.04,286.59999999999997,280.5833333333333,283.1533,45472949,283.1533,2021-02-09 00:00:00 Tuesday
281.21166666666664,281.6067,266.67333333333335,268.2733,108648267,268.2733,2021-02-10 00:00:00 Wednesday
270.8133666666667,276.62663333333336,267.2416666666667,270.5533,64868248,270.5533,2021-02-11 00:00:00 Thursday
267.08666666666664,272.4433666666667,261.77686666666665,272.04,71304931,272.04,2021-02-12 00:00:00 Friday
272.6667,273.6667,264.1466666666667,265.4067,59406958,265.4067,2021-02-16 00:00:00 Tuesday
259.69666666666666,266.61333333333334,254.00333333333333,266.05,78236698,266.05,2021-02-17 00:00:00 Wednesday
260.3,264.8966666666667,258.75666666666666,262.46,53871181,262.46,2021-02-18 00:00:00 Thursday
265.0,265.59663333333333,259.12336666666664,260.4333,56874778,260.4333,2021-02-19 00:00:00 Friday
254.21333333333334,256.1667,236.73333333333335,238.1667,111809154,238.1667,2021-02-22 00:00:00 Monday
220.71,237.86996666666667,206.33333333333334,232.9467,199820643,232.9467,2021-02-23 00:00:00 Tuesday
237.28333333333333,248.33333333333334,231.39,247.34,110300856,247.34,2021-02-24 00:00:00 Wednesday
242.04999999999998,245.73553333333334,223.52666666666667,227.4067,117071574,227.4067,2021-02-25 00:00:00 Thursday
233.33333333333334,235.5666666666667,219.83666666666667,225.1667,123267500,225.1667,2021-02-26 00:00:00 Friday
230.03666666666666,290.6667,228.35,239.4767,81408718,239.4767,2021-03-01 00:00:00 Monday
239.42666666666665,240.37,228.33333333333334,228.8133,71196478,228.8133,2021-03-02 00:00:00 Tuesday
229.33,233.5666666666667,217.235,217.7333,90623880,217.7333,2021-03-03 00:00:00 Wednesday
218.6,291.3133666666667,200.0,207.1467,197758587,207.1467,2021-03-04 00:00:00 Thursday
208.68666666666664,209.28063333333333,179.83,199.3167,268189375,199.3167,2021-03-05 00:00:00 Friday
200.1833333333333,206.70833333333334,186.26333333333332,187.6667,155360878,187.6667,2021-03-08 00:00:00 Monday
202.72666666666666,226.03,198.40333333333334,224.5267,202569978,224.5267,2021-03-09 00:00:00 Tuesday
233.4333333333333,239.28333333333333,218.35333333333332,222.6867,181817011,222.6867,2021-03-10 00:00:00 Wednesday
233.13333333333333,234.16666666666666,225.72666666666666,233.2,108761658,233.2,2021-03-11 00:00:00 Thursday
223.33333333333334,231.62666666666667,222.04646666666667,231.2433,100751517,231.2433,2021-03-12 00:00:00 Friday
231.36333333333334,237.72666666666666,228.01333333333332,235.98,88270437,235.98,2021-03-15 00:00:00 Monday
234.45000000000002,235.97333333333333,223.66666666666666,225.6267,96587007,225.6267,2021-03-16 00:00:00 Tuesday
218.95666666666668,234.57666666666668,217.00333333333333,233.9367,121117343,233.9367,2021-03-17 00:00:00 Wednesday
228.09666666666666,229.74333333333334,217.33333333333334,217.72,100107057,217.72,2021-03-18 00:00:00 Thursday
215.53333333333333,219.07666666666668,208.20669999999998,218.29,128681936,218.29,2021-03-19 00:00:00 Friday
228.1966666666667,233.20666666666668,222.91666666666666,223.3333,118536654,223.3333,2021-03-22 00:00:00 Monday
225.25666666666666,225.9333333333333,219.17,220.72,91475604,220.72,2021-03-23 00:00:00 Tuesday
222.63666666666666,222.67333333333332,210.03666666666666,210.09,101385501,210.09,2021-03-24 00:00:00 Wednesday
204.33333333333334,215.16666666666666,203.16666666666666,213.4633,117674541,213.4633,2021-03-25 00:00:00 Thursday
213.95666666666668,214.60666666666668,199.96333333333334,206.2367,101558493,206.2367,2021-03-26 00:00:00 Friday
205.21333333333334,205.49333333333334,198.67333333333332,203.7633,85910968,203.7633,2021-03-29 00:00:00 Monday
200.58333333333334,212.5533333333333,197.00333333333333,211.8733,118297074,211.8733,2021-03-30 00:00:00 Tuesday
215.54,224.0,213.70333333333335,222.6433,100011864,222.6433,2021-03-31 00:00:00 Wednesday
229.45666666666668,230.80676666666668,219.80666666666664,220.5833,105895134,220.5833,2021-04-01 00:00:00 Thursday
235.90333333333334,236.0533333333333,228.23333333333335,230.35,125528306,230.35,2021-04-05 00:00:00 Monday
230.1,232.1833333333333,227.12333333333333,230.54,84815518,230.54,2021-04-06 00:00:00 Tuesday
229.0,230.46,222.61333333333334,223.6567,78928288,223.6567,2021-04-07 00:00:00 Wednesday
225.79333333333332,229.84996666666666,223.88166666666666,227.9333,71772982,227.9333,2021-04-08 00:00:00 Thursday
225.92333333333332,226.99,223.14333333333332,225.6733,64311268,225.6733,2021-04-09 00:00:00 Friday
228.5666666666667,234.9333333333333,227.36333333333334,233.9933,87407007,233.9933,2021-04-12 00:00:00 Monday
237.5666666666667,254.33333333333334,236.88666666666666,254.1067,133958423,254.1067,2021-04-13 00:00:00 Tuesday
256.90003333333334,260.2633333333333,242.67666666666665,244.0767,147052298,244.0767,2021-04-14 00:00:00 Wednesday
247.70000000000002,247.89666666666668,240.43666666666664,246.2833,83546698,246.2833,2021-04-15 00:00:00 Thursday
242.88333333333333,249.8033333333333,241.53333333333333,246.5933,83938579,246.5933,2021-04-16 00:00:00 Friday
239.86666666666667,241.79999999999998,230.60003333333336,238.21,119058687,238.21,2021-04-19 00:00:00 Monday
239.14,245.75,236.89499999999998,239.6633,106827114,239.6633,2021-04-20 00:00:00 Tuesday
234.92333333333332,248.28,232.66666666666666,248.04,93646527,248.04,2021-04-21 00:00:00 Wednesday
247.16666666666666,251.25666666666666,239.34666666666666,239.8967,106770783,239.8967,2021-04-22 00:00:00 Thursday
239.9333333333333,245.78666666666666,238.48666666666668,243.1333,85241665,243.1333,2021-04-23 00:00:00 Friday
247.0,249.76666666666665,244.20176666666669,246.0667,93115497,246.0667,2021-04-26 00:00:00 Monday
239.32000000000002,241.33333333333334,234.45003333333332,234.9133,88310997,234.9133,2021-04-27 00:00:00 Tuesday
232.13666666666666,236.16666666666666,231.20000000000002,231.4667,66813151,231.4667,2021-04-28 00:00:00 Wednesday
233.17,234.08333333333334,222.83339999999998,225.6667,86536338,225.6667,2021-04-29 00:00:00 Thursday
222.53,238.49,222.04666666666665,236.48,122276153,236.48,2021-04-30 00:00:00 Friday
234.6,235.33333333333334,226.83333333333334,228.3,81129421,228.3,2021-05-03 00:00:00 Monday
226.31333333333336,227.81546666666668,219.23366666666666,224.5333,89217957,224.5333,2021-05-04 00:00:00 Tuesday
227.01999999999998,228.43183333333332,222.4466666666667,223.6467,65705671,223.6467,2021-05-05 00:00:00 Wednesday
226.92,227.00666666666666,216.66666666666666,221.18,83353855,221.18,2021-05-06 00:00:00 Thursday
221.9333333333333,230.0,220.07333333333335,224.1233,70407502,224.1233,2021-05-07 00:00:00 Friday
221.63333333333333,221.6833333333333,209.20336666666665,209.68,94177257,209.68,2021-05-10 00:00:00 Monday
199.74666666666667,209.03330000000003,198.53333333333333,205.7333,139511690,205.7333,2021-05-11 00:00:00 Tuesday
200.83,206.8033333333333,195.58833333333334,196.63,101470941,196.63,2021-05-12 00:00:00 Wednesday
200.515,202.15329999999997,186.54999999999998,190.5633,132554762,190.5633,2021-05-13 00:00:00 Thursday
194.47,197.62333333333333,190.15333333333334,196.58,100112574,196.58,2021-05-14 00:00:00 Friday
191.851,196.57666666666668,187.0666666666667,192.2767,96743400,192.2767,2021-05-17 00:00:00 Monday
189.33333333333334,198.75,187.79333333333332,192.6233,110491695,192.6233,2021-05-18 00:00:00 Tuesday
184.1833333333333,188.73666666666668,182.32666666666668,187.82,118735191,187.82,2021-05-19 00:00:00 Wednesday
191.66666666666666,196.28333333333333,190.35666666666668,195.5933,92463354,195.5933,2021-05-20 00:00:00 Thursday
198.70333333333335,198.89333333333332,193.33333333333334,193.6267,78091798,193.6267,2021-05-21 00:00:00 Friday
193.86666666666667,204.82666666666668,191.21666666666667,202.1467,103674267,202.1467,2021-05-24 00:00:00 Monday
202.43666666666664,204.66333333333333,198.57000000000002,201.5633,84017782,201.5633,2021-05-25 00:00:00 Tuesday
202.51999999999998,208.72333333333333,200.5,206.3767,85917931,206.3767,2021-05-26 00:00:00 Wednesday
206.74666666666667,210.37666666666667,205.40333333333334,210.2833,79111768,210.2833,2021-05-27 00:00:00 Thursday
209.5,211.86333333333334,207.46,208.4067,68211115,208.4067,2021-05-28 00:00:00 Friday
209.26666666666665,211.26666666666665,206.85,207.9667,54254671,207.9667,2021-06-01 00:00:00 Tuesday
206.71,207.78666666666666,199.71333333333334,201.7067,69908335,201.7067,2021-06-02 00:00:00 Wednesday
200.6,201.51666666666665,190.40666666666667,190.9467,90335664,190.9467,2021-06-03 00:00:00 Thursday
193.23666666666668,200.20333333333335,192.4,199.6833,72110698,199.6833,2021-06-04 00:00:00 Friday
197.275,203.33333333333334,194.29333333333332,201.71,67631038,201.71,2021-06-07 00:00:00 Monday
207.67,207.6966666666667,198.5,201.1967,78160222,201.1967,2021-06-08 00:00:00 Tuesday
200.72333333333333,203.92999999999998,199.2100333333333,199.5933,49753709,199.5933,2021-06-09 00:00:00 Wednesday
201.29333333333332,205.53,200.16666666666666,203.3733,71758819,203.3733,2021-06-10 00:00:00 Thursday
203.41,204.18666666666664,200.50666666666666,203.2967,48615899,203.2967,2021-06-11 00:00:00 Friday
204.07666666666668,208.49666666666667,203.05999999999997,205.8967,61271938,205.8967,2021-06-14 00:00:00 Monday
205.56333333333336,205.59666666666666,199.41,199.7867,53292448,199.7867,2021-06-15 00:00:00 Tuesday
199.1783333333333,202.83333333333334,197.83333333333334,201.6233,66432391,201.6233,2021-06-16 00:00:00 Wednesday
200.62933333333334,207.15666666666667,200.4466666666667,205.5333,68104048,205.5333,2021-06-17 00:00:00 Thursday
204.45666666666668,209.45000000000002,203.9333333333333,207.77,73682728,207.77,2021-06-18 00:00:00 Friday
208.16,210.46333333333334,202.96,206.9433,74438218,206.9433,2021-06-21 00:00:00 Monday
206.08333333333334,209.5231,205.16666666666666,207.9033,57476671,207.9033,2021-06-22 00:00:00 Tuesday
210.66666666666666,219.06799999999998,210.01333333333332,218.8567,93297687,218.8567,2021-06-23 00:00:00 Wednesday
224.99666666666667,232.54,222.53666666666666,226.6067,137947169,226.6067,2021-06-24 00:00:00 Thursday
229.86,231.26999999999998,222.9,223.9567,97490130,223.9567,2021-06-25 00:00:00 Friday
223.88,231.56663333333333,223.44000000000003,229.5733,64884478,229.5733,2021-06-28 00:00:00 Monday
228.21666666666667,229.16996666666668,225.29666666666665,226.92,52143931,226.92,2021-06-29 00:00:00 Tuesday
226.59,230.93666666666664,226.04666666666665,226.5667,56774575,226.5667,2021-06-30 00:00:00 Wednesday
227.97333333333333,229.33,224.26666666666665,225.9733,55903558,225.9733,2021-07-01 00:00:00 Thursday
226.32666666666668,233.33333333333334,224.42,226.3,81292099,226.3,2021-07-02 00:00:00 Friday
227.23716666666667,228.0,217.13340000000002,219.86,69853339,219.86,2021-07-06 00:00:00 Tuesday
221.42333333333332,221.9,212.77333333333334,214.8833,56375881,214.8833,2021-07-07 00:00:00 Wednesday
209.45666666666668,218.14333333333332,206.82000000000002,217.6033,68319958,217.6033,2021-07-08 00:00:00 Thursday
217.72833333333332,219.63666666666666,214.89666666666668,218.9833,54421651,218.9833,2021-07-09 00:00:00 Friday
220.73333333333335,229.08,220.72033333333331,228.5667,77781115,228.5667,2021-07-12 00:00:00 Monday
228.77333333333334,231.09333333333333,222.0986,222.8467,62898268,222.8467,2021-07-13 00:00:00 Tuesday
223.58333333333334,226.2033,217.61333333333334,217.7933,64923565,217.7933,2021-07-14 00:00:00 Wednesday
219.46333333333334,222.04666666666665,212.62666666666667,216.8667,60628708,216.8667,2021-07-15 00:00:00 Thursday
218.22666666666666,218.89996666666664,214.0666666666667,214.74,49112909,214.74,2021-07-16 00:00:00 Friday
209.96333333333334,215.73329999999999,207.09666666666666,215.4067,63891268,215.4067,2021-07-19 00:00:00 Monday
217.33,220.7972,213.50033333333332,220.1667,46461389,220.1667,2021-07-20 00:00:00 Tuesday
219.87,221.61996666666667,216.76336666666668,218.43,41860019,218.43,2021-07-21 00:00:00 Wednesday
218.81426666666667,220.72333333333333,214.8667,216.42,45317189,216.42,2021-07-22 00:00:00 Thursday
215.45333333333335,216.26666666666665,212.43336666666667,214.46,43814819,214.46,2021-07-23 00:00:00 Friday
216.99,222.73329999999999,215.70333333333335,219.2067,76009681,219.2067,2021-07-26 00:00:00 Monday
221.13333333333333,222.16666666666666,209.08,214.9267,98439864,214.9267,2021-07-27 00:00:00 Tuesday
215.665,218.32330000000002,213.13336666666666,215.66,48019799,215.66,2021-07-28 00:00:00 Wednesday
216.59666666666666,227.89666666666668,216.26666666666665,225.7833,91183920,225.7833,2021-07-29 00:00:00 Thursday
223.91933333333336,232.51,223.0,229.0667,88969221,229.0667,2021-07-30 00:00:00 Friday
233.33333333333334,242.31333333333336,232.79999999999998,236.5567,100847307,236.5567,2021-08-02 00:00:00 Monday
239.66666666666666,240.88333333333333,233.67,236.58,64860748,236.58,2021-08-03 00:00:00 Tuesday
237.0,241.63333333333333,236.30999999999997,236.9733,51007949,236.9733,2021-08-04 00:00:00 Wednesday
238.66666666666666,240.31663333333333,237.13666666666666,238.21,38758919,238.21,2021-08-05 00:00:00 Thursday
237.29999999999998,238.77666666666667,232.54333333333332,233.0333,46869149,233.0333,2021-08-06 00:00:00 Friday
236.72333333333333,239.67666666666665,235.04333333333332,237.92,44146049,237.92,2021-08-09 00:00:00 Monday
237.99666666666667,238.86333333333334,233.96,236.6633,40296929,236.6633,2021-08-10 00:00:00 Tuesday
237.57000000000002,238.39333333333332,234.73666666666668,235.94,29401673,235.94,2021-08-11 00:00:00 Wednesday
235.4466666666667,240.9333333333333,233.13333333333333,240.75,53045065,240.75,2021-08-12 00:00:00 Thursday
241.23666666666668,243.29999999999998,238.11333333333334,239.0567,50194412,239.0567,2021-08-13 00:00:00 Friday
235.02333333333334,236.5,225.46666666666667,228.7233,69309901,228.7233,2021-08-16 00:00:00 Monday
224.22,224.86,216.28,221.9033,71163835,221.9033,2021-08-17 00:00:00 Tuesday
223.24933333333334,231.92333333333332,223.11666666666667,229.6633,61048141,229.6633,2021-08-18 00:00:00 Wednesday
226.07000000000002,228.85,222.53,224.49,42940469,224.49,2021-08-19 00:00:00 Thursday
227.61666666666667,230.70996666666667,224.5666666666667,226.7533,44525609,226.7533,2021-08-20 00:00:00 Friday
228.48066666666668,237.37663333333333,226.91683333333333,235.4333,60794575,235.4333,2021-08-23 00:00:00 Monday
236.89333333333332,238.40666666666667,234.21333333333334,236.1633,39249209,236.1633,2021-08-24 00:00:00 Tuesday
235.67666666666665,238.99,234.66666666666666,237.0667,37936679,237.0667,2021-08-25 00:00:00 Wednesday
236.10333333333332,238.46666666666667,232.54003333333333,233.72,39642869,233.72,2021-08-26 00:00:00 Thursday
235.0,238.33333333333334,234.03336666666667,237.3067,41501279,237.3067,2021-08-27 00:00:00 Friday
238.23833333333334,243.66666666666666,237.57666666666668,243.6367,55812661,243.6367,2021-08-30 00:00:00 Monday
244.33333333333334,246.79666666666665,242.14666666666668,245.24,62566315,245.24,2021-08-31 00:00:00 Tuesday
244.69333333333336,247.33,243.7567,244.6967,39613019,244.6967,2021-09-01 00:00:00 Wednesday
244.83333333333334,246.99,243.51333333333332,244.13,38390219,244.13,2021-09-02 00:00:00 Thursday
244.083,244.66666666666666,241.4,244.5233,45813149,244.5233,2021-09-03 00:00:00 Friday
246.66666666666666,253.4,246.42,250.9733,60119488,250.9733,2021-09-07 00:00:00 Tuesday
253.86,254.8166666666667,246.92443333333333,251.29,56379115,251.29,2021-09-08 00:00:00 Wednesday
251.13666666666666,254.03333333333333,250.54336666666666,251.62,42233189,251.62,2021-09-09 00:00:00 Thursday
253.20000000000002,254.20333333333335,244.8400333333333,245.4233,45552509,245.4233,2021-09-10 00:00:00 Friday
246.73800000000003,248.26,236.28333333333333,247.6667,68857438,247.6667,2021-09-13 00:00:00 Monday
247.52333333333334,251.49,245.46666666666667,248.1633,55574641,248.1633,2021-09-14 00:00:00 Tuesday
248.33333333333334,252.28666666666666,246.12,251.9433,46073069,251.9433,2021-09-15 00:00:00 Wednesday
250.94333333333336,252.97,249.20333333333335,252.33,41770169,252.33,2021-09-16 00:00:00 Thursday
252.38333333333333,253.67999999999998,250.0,253.1633,84612538,253.1633,2021-09-17 00:00:00 Friday
244.85256666666666,247.33333333333334,239.54163333333335,243.39,74272942,243.39,2021-09-20 00:00:00 Monday
244.92999999999998,248.24663333333334,243.48000000000002,246.46,48992159,246.46,2021-09-21 00:00:00 Tuesday
247.8421,251.2233,246.37333333333333,250.6467,45378809,250.6467,2021-09-22 00:00:00 Wednesday
251.66666666666666,252.73333333333335,249.30666666666664,251.2133,35842589,251.2133,2021-09-23 00:00:00 Thursday
248.63,258.26666666666665,248.18666666666664,258.13,64119058,258.13,2021-09-24 00:00:00 Friday
257.70666666666665,266.3333333333333,256.43666666666667,263.7867,84211978,263.7867,2021-09-27 00:00:00 Monday
262.40003333333334,265.2133333333333,255.39336666666668,259.1867,76144258,259.1867,2021-09-28 00:00:00 Tuesday
259.93333333333334,264.5,256.8933333333333,260.4367,62828641,260.4367,2021-09-29 00:00:00 Wednesday
260.3333333333333,263.0435333333333,258.3333333333333,258.4933,53867881,258.4933,2021-09-30 00:00:00 Thursday
259.46666666666664,260.26,254.53,258.4067,51094229,258.4067,2021-10-01 00:00:00 Friday
265.5,268.99,258.70666666666665,260.51,91450017,260.51,2021-10-04 00:00:00 Monday
261.5987,265.77003333333334,258.06666666666666,260.1967,55297891,260.1967,2021-10-05 00:00:00 Tuesday
258.73333333333335,262.21999999999997,257.74,260.9167,43898309,260.9167,2021-10-06 00:00:00 Wednesday
261.82,268.3333333333333,261.12666666666667,264.5367,57587335,264.5367,2021-10-07 00:00:00 Thursday
265.40333333333336,265.46003333333334,260.30333333333334,261.83,50215799,261.83,2021-10-08 00:00:00 Friday
262.55,267.08003333333335,261.8333333333333,263.98,42600959,263.98,2021-10-11 00:00:00 Monday
266.9767,270.77333333333337,265.52333333333337,268.5733,66060115,268.5733,2021-10-12 00:00:00 Tuesday
270.1566666666667,271.80333333333334,268.5933333333333,270.36,42360239,270.36,2021-10-13 00:00:00 Wednesday
271.83003333333335,273.4167,271.1167,272.7733,36741509,272.7733,2021-10-14 00:00:00 Thursday
274.57933333333335,281.07,274.1166666666667,281.01,56773708,281.01,2021-10-15 00:00:00 Friday
283.93,291.75336666666664,283.8233333333333,290.0367,72621718,290.0367,2021-10-18 00:00:00 Monday
292.51,292.65003333333334,287.50336666666664,288.09,52143391,288.09,2021-10-19 00:00:00 Tuesday
288.45,289.83003333333335,285.79333333333335,288.6,42096149,288.6,2021-10-20 00:00:00 Wednesday
285.3333333333333,300.0,285.1682,298.0,94444338,298.0,2021-10-21 00:00:00 Thursday
298.5,303.3333333333333,296.9867,303.2267,68642518,303.2267,2021-10-22 00:00:00 Friday
316.8433333333333,348.34,314.73333333333335,341.62,188556289,341.62,2021-10-25 00:00:00 Monday
341.56333333333333,364.98,333.81333333333333,339.4767,187244902,339.4767,2021-10-26 00:00:00 Tuesday
346.55333333333334,356.96000000000004,343.5933333333333,345.9533,115579380,345.9533,2021-10-27 00:00:00 Wednesday
356.1016666666667,360.3333333333333,351.40000000000003,359.0133,81639502,359.0133,2021-10-28 00:00:00 Thursday
360.61999999999995,371.7366666666667,357.73499999999996,371.3333,89755257,371.3333,2021-10-29 00:00:00 Friday
381.6666666666667,403.25,372.8866666666667,402.8633,168146152,402.8633,2021-11-01 00:00:00 Monday
386.45166666666665,402.8633333333333,382.0,390.6667,128213399,390.6667,2021-11-02 00:00:00 Tuesday
392.4433333333333,405.13000000000005,384.20666666666665,404.62,103885557,404.62,2021-11-03 00:00:00 Wednesday
411.47,414.49666666666667,405.6666666666667,409.97,76192222,409.97,2021-11-04 00:00:00 Thursday
409.3333333333333,413.28999999999996,402.6666666666667,407.3633,64886431,407.3633,2021-11-05 00:00:00 Friday
383.2616666666667,399.0,377.6666666666667,387.6467,100337154,387.6467,2021-11-08 00:00:00 Monday
391.2,391.5,337.17333333333335,341.1667,177317515,341.1667,2021-11-09 00:00:00 Tuesday
336.80333333333334,359.3666666666666,329.1033333333333,355.9833,128408153,355.9833,2021-11-10 00:00:00 Wednesday
367.59,368.3233333333333,351.56,354.5033,67189702,354.5033,2021-11-11 00:00:00 Thursday
349.1666666666667,351.5,339.73333333333335,344.4733,76719448,344.4733,2021-11-12 00:00:00 Friday
339.21,343.99333333333334,326.2,337.7967,104326941,337.7967,2021-11-15 00:00:00 Monday
334.43666666666667,352.40000000000003,334.06,351.5767,79627075,351.5767,2021-11-16 00:00:00 Tuesday
354.50333333333333,373.21333333333337,351.8333333333333,363.0033,94336098,363.0033,2021-11-17 00:00:00 Wednesday
368.84999999999997,370.6666666666667,358.34,365.46,62696788,365.46,2021-11-18 00:00:00 Thursday
366.28999999999996,379.5733333333333,364.23333333333335,379.02,64926778,379.02,2021-11-19 00:00:00 Friday
387.4433333333333,400.65000000000003,377.4766666666667,385.6233,99217533,385.6233,2021-11-22 00:00:00 Monday
389.17,393.5,354.23333333333335,369.6767,108515094,369.6767,2021-11-23 00:00:00 Tuesday
360.13000000000005,377.59,354.0,372.0,67680718,372.0,2021-11-24 00:00:00 Wednesday
366.49,369.5943333333333,360.3333333333333,360.64,35042669,360.64,2021-11-26 00:00:00 Friday
366.99666666666667,380.89000000000004,366.73,378.9967,58393411,378.9967,2021-11-29 00:00:00 Monday
381.45666666666665,389.3333333333333,372.6666666666667,381.5867,81276115,381.5867,2021-11-30 00:00:00 Tuesday
386.8983333333333,390.94666666666666,363.58666666666664,365.0,68804095,365.0,2021-12-01 00:00:00 Wednesday
366.3533333333333,371.0,352.2166666666667,361.5333,73114855,361.5333,2021-12-02 00:00:00 Thursday
361.59666666666664,363.52500000000003,333.40333333333336,338.3233,92321997,338.3233,2021-12-03 00:00:00 Friday
333.83666666666664,340.5466666666667,316.8333333333333,336.3367,81663115,336.3367,2021-12-06 00:00:00 Monday
348.06666666666666,352.558,342.27,350.5833,56084575,350.5833,2021-12-07 00:00:00 Tuesday
350.90333333333336,357.46000000000004,344.3333333333333,356.32,41906369,356.32,2021-12-08 00:00:00 Wednesday
353.5466666666667,354.16333333333336,334.12,334.6,59438488,334.6,2021-12-09 00:00:00 Thursday
336.25,340.32666666666665,327.51,339.01,59664355,339.01,2021-12-10 00:00:00 Friday
333.69666666666666,335.0,317.14,322.1367,78595498,322.1367,2021-12-13 00:00:00 Monday
315.0,322.13666666666666,310.0,319.5034,70806262,319.5034,2021-12-14 00:00:00 Tuesday
317.7367,326.2499666666667,309.4167,325.33,75169222,325.33,2021-12-15 00:00:00 Wednesday
331.5,331.66,307.28333333333336,308.9733,82771438,308.9733,2021-12-16 00:00:00 Thursday
304.92333333333335,320.21996666666666,303.0133666666667,310.8567,100880259,310.8567,2021-12-17 00:00:00 Friday
303.56666666666666,307.2295,297.7967,299.98,56480008,299.98,2021-12-20 00:00:00 Monday
305.62336666666664,313.1667,295.37336666666664,312.8433,71517931,312.8433,2021-12-21 00:00:00 Tuesday
321.88666666666666,338.55333333333334,319.01666666666665,336.29,93634074,336.29,2021-12-22 00:00:00 Wednesday
335.59999999999997,357.65900000000005,332.52003333333334,355.6667,92713287,355.6667,2021-12-23 00:00:00 Thursday
357.89000000000004,372.3333333333333,356.905,364.6467,71145808,364.6467,2021-12-27 00:00:00 Monday
369.83,373.0,359.47333333333336,362.8233,60323911,362.8233,2021-12-28 00:00:00 Tuesday
366.21333333333337,368.0,354.71333333333337,362.0633,56154058,362.0633,2021-12-29 00:00:00 Wednesday
353.77666666666664,365.18333333333334,351.05,356.78,47040929,356.78,2021-12-30 00:00:00 Thursday
357.81466666666665,360.6666666666667,351.53,352.26,40733639,352.26,2021-12-31 00:00:00 Friday
382.5833333333333,400.3566666666666,378.68,399.9267,104686053,399.9267,2022-01-03 00:00:00 Monday
396.51666666666665,402.6666666666667,374.34999999999997,383.1967,100248267,383.1967,2022-01-04 00:00:00 Tuesday
382.2166666666667,390.1133333333333,360.33666666666664,362.7067,80119798,362.7067,2022-01-05 00:00:00 Wednesday
359.0,362.6666666666667,340.1666666666667,354.9,90336477,354.9,2022-01-06 00:00:00 Thursday
360.1233333333333,360.31,336.6666666666667,342.32,84164758,342.32,2022-01-07 00:00:00 Friday
333.3333333333333,353.0333333333333,326.6667,352.7067,91814880,352.7067,2022-01-10 00:00:00 Monday
351.22333333333336,358.6166666666666,346.2733333333333,354.8,66063208,354.8,2022-01-11 00:00:00 Tuesday
359.6166666666666,371.6133333333333,357.53,368.74,83739022,368.74,2022-01-12 00:00:00 Wednesday
369.68833333333333,371.8666666666666,342.17966666666666,343.8533,97209777,343.8533,2022-01-13 00:00:00 Thursday
339.96,350.6666666666667,337.793,349.87,72924421,349.87,2022-01-14 00:00:00 Friday
342.20166666666665,356.93,338.68666666666667,343.5033,66989401,343.5033,2022-01-18 00:00:00 Tuesday
347.23499999999996,351.5566666666667,331.6667,331.8834,75442498,331.8834,2022-01-19 00:00:00 Wednesday
336.57666666666665,347.22,331.3333333333333,332.09,70488742,332.09,2022-01-20 00:00:00 Thursday
332.11333333333334,334.84999999999997,313.5,314.6334,103416021,314.6334,2022-01-21 00:00:00 Friday
301.58666666666664,311.17103333333336,283.8233333333333,310.0,152375129,310.0,2022-01-24 00:00:00 Monday
304.73333333333335,317.08666666666664,301.07,306.1334,86595900,306.1334,2022-01-25 00:00:00 Tuesday
317.4767,329.23,302.0,312.47,104867283,312.47,2022-01-26 00:00:00 Wednesday
311.12,311.7967,276.3333333333333,276.3667,147109556,276.3667,2022-01-27 00:00:00 Thursday
277.18666666666667,285.8333333333333,264.00336666666664,282.1167,134788940,282.1167,2022-01-28 00:00:00 Friday
290.90333333333336,312.66333333333336,287.34999999999997,312.24,104436090,312.24,2022-01-31 00:00:00 Monday
311.7367,314.56666666666666,301.6667,310.4167,73138339,310.4167,2022-02-01 00:00:00 Tuesday
309.3933333333333,310.5,296.46999999999997,301.8867,66793048,301.8867,2022-02-02 00:00:00 Wednesday
294.0,312.3333333333333,293.50666666666666,297.0467,78855565,297.0467,2022-02-03 00:00:00 Thursday
299.0733333333333,312.1667,293.7233333333333,307.7733,73625458,307.7733,2022-02-04 00:00:00 Friday
307.93,315.92333333333335,300.90296666666666,302.4467,60994468,302.4467,2022-02-07 00:00:00 Monday
301.8433333333333,308.7633,298.26666666666665,307.3333,50729009,307.3333,2022-02-08 00:00:00 Tuesday
311.6667,315.4233,306.6667,310.6667,52259548,310.6667,2022-02-09 00:00:00 Wednesday
302.79,314.6033333333333,298.90003333333334,301.5167,66126835,301.5167,2022-02-10 00:00:00 Thursday
303.21003333333334,305.32,283.56666666666666,286.6667,79645855,286.6667,2022-02-11 00:00:00 Friday
287.19,299.62663333333336,284.38336666666663,291.92,67756411,291.92,2022-02-14 00:00:00 Monday
300.0,307.6667,297.79246666666666,307.4767,57649528,307.4767,2022-02-15 00:00:00 Tuesday
304.68333333333334,308.80996666666664,300.40333333333336,307.7967,51294392,307.7967,2022-02-16 00:00:00 Wednesday
304.42,306.1666333333333,291.3666666666667,292.1167,55178431,292.1167,2022-02-17 00:00:00 Thursday
295.3333333333333,295.62336666666664,279.2033333333333,285.66,68501845,285.66,2022-02-18 00:00:00 Friday
278.04333333333335,285.5779333333333,267.0334,273.8433,83288185,273.8433,2022-02-22 00:00:00 Tuesday
276.81,278.43323333333336,253.51999999999998,254.68,95257017,254.68,2022-02-23 00:00:00 Wednesday
233.46333333333334,267.49333333333334,233.33333333333334,266.9233,135322298,266.9233,2022-02-24 00:00:00 Thursday
269.74333333333334,273.1667,260.80016666666666,269.9567,76067758,269.9567,2022-02-25 00:00:00 Friday
271.67,292.2866666666667,271.56916666666666,290.1433,99006864,290.1433,2022-02-28 00:00:00 Monday
289.8933333333333,296.62666666666667,284.5933333333333,288.1234,74766859,288.1234,2022-03-01 00:00:00 Tuesday
290.71003333333334,295.49333333333334,281.42403333333334,293.2967,74643448,293.2967,2022-03-02 00:00:00 Wednesday
292.92333333333335,295.4796666666667,277.5334,279.7633,61623508,279.7633,2022-03-03 00:00:00 Thursday
283.03333333333336,285.21666666666664,275.0536333333333,279.43,67179859,279.43,2022-03-04 00:00:00 Friday
285.43333333333334,288.7133333333333,268.19,268.1934,72494161,268.1934,2022-03-07 00:00:00 Monday
265.1767,283.33003333333335,260.7233333333333,274.8,80399095,274.8,2022-03-08 00:00:00 Tuesday
279.82666666666665,286.8533333333333,277.33666666666664,286.3233,59183968,286.3233,2022-03-09 00:00:00 Wednesday
283.81666666666666,284.81666666666666,270.1200666666667,279.4333,58648651,279.4333,2022-03-10 00:00:00 Thursday
280.0656666666667,281.26733333333334,264.59003333333334,265.1167,67037161,265.1167,2022-03-11 00:00:00 Friday
260.2033333333333,266.90003333333334,252.01333333333332,255.4567,71152258,255.4567,2022-03-14 00:00:00 Monday
258.42333333333335,268.52333333333337,252.19000000000003,267.2967,66841141,267.2967,2022-03-15 00:00:00 Tuesday
269.6667,280.6667,267.4200333333333,280.0767,84028819,280.0767,2022-03-16 00:00:00 Wednesday
276.99666666666667,291.6667,275.23926666666665,290.5333,66582958,290.5333,2022-03-17 00:00:00 Thursday
291.49666666666667,302.6166666666667,289.13,301.7967,100414191,301.7967,2022-03-18 00:00:00 Friday
304.99333333333334,314.28333333333336,302.36333333333334,307.0533,81981661,307.0533,2022-03-21 00:00:00 Monday
310.0,332.62,307.25,331.3267,105868557,331.3267,2022-03-22 00:00:00 Tuesday
326.6466666666667,346.90000000000003,325.46666666666664,333.0367,120676134,333.0367,2022-03-23 00:00:00 Wednesday
336.57666666666665,341.49666666666667,329.59999999999997,337.9733,68920891,337.9733,2022-03-24 00:00:00 Thursday
336.0,340.59999999999997,332.44006666666667,336.88,62031538,336.88,2022-03-25 00:00:00 Friday
355.0333333333333,365.96000000000004,351.2,363.9467,102506061,363.9467,2022-03-28 00:00:00 Monday
369.33,371.59,357.7033333333333,366.5233,73614808,366.5233,2022-03-29 00:00:00 Tuesday
363.72333333333336,371.31666666666666,361.3333333333333,364.6633,59864998,364.6633,2022-03-30 00:00:00 Wednesday
364.8566666666666,367.71333333333337,358.88033333333334,359.2,48992759,359.2,2022-03-31 00:00:00 Thursday
360.3833333333334,364.9166666666667,355.5466666666667,361.53,54263218,361.53,2022-04-01 00:00:00 Friday
363.1266666666667,383.30333333333334,357.51,381.8167,82177702,381.8167,2022-04-04 00:00:00 Monday
378.76666666666665,384.28999999999996,362.43333333333334,363.7533,80075008,363.7533,2022-04-05 00:00:00 Tuesday
357.8233333333333,359.6666666666667,342.56666666666666,348.5867,89348541,348.5867,2022-04-06 00:00:00 Wednesday
350.7966666666667,358.8633333333333,340.5133333333333,352.42,79447048,352.42,2022-04-07 00:00:00 Thursday
347.7366666666667,349.48,340.81166666666667,341.83,55013698,341.83,2022-04-08 00:00:00 Friday
326.8,336.156,324.88,325.31,59357218,325.31,2022-04-11 00:00:00 Monday
332.5467,340.39733333333334,325.5334,328.9833,65976085,328.9833,2022-04-12 00:00:00 Tuesday
327.02503333333334,342.08,324.36566666666664,340.79,55121218,340.79,2022-04-13 00:00:00 Wednesday
333.09666666666664,337.57,327.3966666666667,328.3333,58422421,328.3333,2022-04-14 00:00:00 Thursday
329.6767,338.3066666666667,324.46999999999997,334.7633,51715229,334.7633,2022-04-18 00:00:00 Monday
335.02,344.98,331.77503333333334,342.7167,49847816,342.7167,2022-04-19 00:00:00 Tuesday
343.3333333333333,344.6666666666667,325.0833666666667,325.7333,70711315,325.7333,2022-04-20 00:00:00 Wednesday
358.24333333333334,364.0733333333333,332.1383333333333,336.26,105416340,336.26,2022-04-21 00:00:00 Thursday
338.30333333333334,344.95,331.3333666666667,335.0167,69696565,335.0167,2022-04-22 00:00:00 Friday
326.3233333333333,336.20666666666665,325.09999999999997,332.6733,68341339,332.6733,2022-04-25 00:00:00 Monday
331.81,333.3333333333333,291.6667,292.14,136133657,292.14,2022-04-26 00:00:00 Tuesday
299.5266666666667,306.0,292.4533333333333,293.8367,76956385,293.8367,2022-04-27 00:00:00 Wednesday
299.99333333333334,300.0,273.90003333333334,292.5034,124948532,292.5034,2022-04-28 00:00:00 Thursday
300.75,311.46663333333333,290.0,290.2534,88133007,290.2534,2022-04-29 00:00:00 Friday
286.92333333333335,302.12,282.6767,300.98,75781381,300.98,2022-05-02 00:00:00 Monday
301.06,308.0266666666667,296.19666666666666,303.0833,63709585,303.0833,2022-05-03 00:00:00 Tuesday
301.3133666666667,318.5,295.0933333333333,317.54,81643702,317.54,2022-05-04 00:00:00 Wednesday
313.07,315.2,285.90003333333334,291.0933,92519184,291.0933,2022-05-05 00:00:00 Thursday
295.6667,296.0,281.035,288.55,72903115,288.55,2022-05-06 00:00:00 Friday
278.81666666666666,281.87666666666667,260.38336666666663,262.37,90810207,262.37,2022-05-09 00:00:00 Monday
273.1033333333333,275.12,258.0833333333333,266.68,84401641,266.68,2022-05-10 00:00:00 Tuesday
265.0,269.92333333333335,242.4,244.6667,97224447,244.6667,2022-05-11 00:00:00 Wednesday
233.66666666666666,253.22,226.66666666666666,242.6667,140312855,242.6667,2022-05-12 00:00:00 Thursday
257.82666666666665,262.4499666666667,250.52166666666668,256.53,92150727,256.53,2022-05-13 00:00:00 Friday
255.72,256.58666666666664,239.69616666666664,241.4567,86098528,241.4567,2022-05-16 00:00:00 Monday
249.12,254.82666666666668,242.95000000000002,253.87,80236099,253.87,2022-05-17 00:00:00 Tuesday
248.17333333333332,253.5,233.60333333333332,236.6033,87811797,236.6033,2022-05-18 00:00:00 Wednesday
235.66666666666666,244.66666666666666,231.37,236.4733,90296664,236.4733,2022-05-19 00:00:00 Thursday
237.99666666666667,240.52733333333333,211.0,221.3,144973319,221.3,2022-05-20 00:00:00 Friday
218.34,226.6517,212.68666666666664,224.9667,88903650,224.9667,2022-05-23 00:00:00 Monday
217.84333333333333,217.97333333333333,206.85666666666668,209.3867,89092527,209.3867,2022-05-24 00:00:00 Tuesday
207.95000000000002,223.10666666666668,207.67003333333332,219.6,92139324,219.6,2022-05-25 00:00:00 Wednesday
220.47333333333333,239.55663333333334,217.88666666666666,235.91,106003344,235.91,2022-05-26 00:00:00 Thursday
241.08333333333334,253.26666666666665,240.17703333333336,253.21,89294967,253.21,2022-05-27 00:00:00 Friday
257.94666666666666,259.59999999999997,244.74333333333334,252.7533,101914380,252.7533,2022-05-31 00:00:00 Tuesday
251.72,257.32666666666665,243.64,246.79,77247958,246.79,2022-06-01 00:00:00 Wednesday
244.15666666666667,264.21003333333334,242.0666666666667,258.3333,93473130,258.3333,2022-06-02 00:00:00 Thursday
243.225,247.79663333333335,233.41780000000003,234.5167,112393731,234.5167,2022-06-03 00:00:00 Friday
244.35333333333332,244.86666666666667,234.35,238.28,84204502,238.28,2022-06-06 00:00:00 Monday
234.0,239.99666666666667,230.09333333333333,238.8867,72808579,238.8867,2022-06-07 00:00:00 Tuesday
240.08666666666667,249.96333333333334,239.17666666666665,241.8667,76210615,241.8667,2022-06-08 00:00:00 Wednesday
249.34,255.54663333333335,239.32666666666668,239.7067,96491301,239.7067,2022-06-09 00:00:00 Thursday
235.15666666666667,239.5,227.91333333333333,232.23,98090904,232.23,2022-06-10 00:00:00 Friday
223.16666666666666,226.63333333333333,214.6833333333333,215.7367,102767259,215.7367,2022-06-13 00:00:00 Monday
218.28666666666666,226.33,211.73666666666668,220.89,97988781,220.89,2022-06-14 00:00:00 Tuesday
220.91666666666666,235.66330000000002,218.15,233.0,119131941,233.0,2022-06-15 00:00:00 Wednesday
222.73666666666668,225.16666666666666,208.69333333333336,213.1,107390691,213.1,2022-06-16 00:00:00 Thursday
213.4333333333333,220.96939999999998,213.1966666666667,216.76,92641767,216.76,2022-06-17 00:00:00 Friday
224.60333333333332,243.57736666666665,224.33333333333334,237.0367,122792972,237.0367,2022-06-21 00:00:00 Tuesday
234.50333333333333,246.83333333333334,233.82666666666668,236.0867,101527263,236.0867,2022-06-22 00:00:00 Wednesday
237.905,239.3166666666667,228.63666666666666,235.07,104202687,235.07,2022-06-23 00:00:00 Thursday
237.46833333333333,246.0666666666667,236.08666666666667,245.7067,95770701,245.7067,2022-06-24 00:00:00 Friday
249.36666666666667,252.07000000000002,242.56553333333332,244.92,89178297,244.92,2022-06-27 00:00:00 Monday
244.48333333333335,249.97,232.34333333333333,232.6633,90666501,232.6633,2022-06-28 00:00:00 Tuesday
230.5,231.17333333333332,222.27333333333334,228.49,82897258,228.49,2022-06-29 00:00:00 Wednesday
224.51,229.45666666666668,218.86333333333334,224.4733,94600437,224.4733,2022-06-30 00:00:00 Thursday
227.0,230.23000000000002,222.12003333333334,227.2633,74460448,227.2633,2022-07-01 00:00:00 Friday
223.0,233.14666666666668,216.1667,233.0667,84779095,233.0667,2022-07-05 00:00:00 Tuesday
230.78,234.56333333333336,227.18666666666664,231.7333,71853619,231.7333,2022-07-06 00:00:00 Wednesday
233.92,245.36166666666668,232.21,244.5433,81930688,244.5433,2022-07-07 00:00:00 Thursday
242.33333333333334,254.97996666666666,241.16143333333332,250.7633,101854074,250.7633,2022-07-08 00:00:00 Friday
252.10333333333332,253.06333333333336,233.62666666666667,234.3433,99509211,234.3433,2022-07-11 00:00:00 Monday
236.84666666666666,239.77333333333334,228.36833333333334,233.07,87930957,233.07,2022-07-12 00:00:00 Tuesday
225.5,242.05996666666667,225.03333333333333,237.04,97954497,237.04,2022-07-13 00:00:00 Wednesday
234.89666666666668,238.65333333333334,229.33333333333334,238.3133,78557488,238.3133,2022-07-14 00:00:00 Thursday
240.0,243.6233,236.89,240.0667,69683008,240.0667,2022-07-15 00:00:00 Friday
244.93666666666664,250.51666666666665,239.60333333333332,240.5467,82537438,240.5467,2022-07-18 00:00:00 Monday
245.0,247.14,236.97666666666666,245.53,80890099,245.53,2022-07-19 00:00:00 Tuesday
246.78333333333333,250.66333333333333,243.48299999999998,247.5,88864074,247.5,2022-07-20 00:00:00 Wednesday
255.10666666666668,273.26666666666665,254.86666666666667,271.7067,142032173,271.7067,2022-07-21 00:00:00 Thursday
276.21999999999997,280.7866666666667,270.7133333333333,272.2433,103472856,272.2433,2022-07-22 00:00:00 Friday
272.21666666666664,274.1466666666667,267.40003333333334,268.4333,64073518,268.4333,2022-07-25 00:00:00 Monday
266.5133333333333,267.30996666666664,256.2633333333333,258.86,66820768,258.86,2022-07-26 00:00:00 Tuesday
263.81,275.9256,261.7900333333333,274.82,88109997,274.82,2022-07-27 00:00:00 Wednesday
280.06666666666666,283.3,272.8,280.9,84722998,280.9,2022-07-28 00:00:00 Thursday
280.7,298.32,279.09999999999997,297.15,95312880,297.15,2022-07-29 00:00:00 Friday
301.27503333333334,311.8782333333333,295.0,297.2767,117042900,297.2767,2022-08-01 00:00:00 Monday
294.00336666666664,307.8333333333333,292.6667,300.5867,95577477,300.5867,2022-08-02 00:00:00 Tuesday
305.0,309.55,301.15003333333334,307.3967,80091115,307.3967,2022-08-03 00:00:00 Wednesday
311.0,313.6067,305.0,308.6334,72256315,308.6334,2022-08-04 00:00:00 Thursday
302.67,304.6066333333333,285.54466666666667,288.17,113172900,288.17,2022-08-05 00:00:00 Friday
295.0,305.2,289.0854,290.4233,99365283,290.4233,2022-08-08 00:00:00 Monday
290.29333333333335,292.3966666666667,279.3533333333333,283.3333,86244688,283.3333,2022-08-09 00:00:00 Tuesday
297.06666666666666,297.51,283.37,294.3567,94918854,294.3567,2022-08-10 00:00:00 Wednesday
296.5133333333333,298.2367,285.8333333333333,286.63,70155058,286.63,2022-08-11 00:00:00 Thursday
289.415,300.16,285.03333333333336,300.03,79657288,300.03,2022-08-12 00:00:00 Friday
301.7866666666667,313.13336666666663,301.23,309.32,89359170,309.32,2022-08-15 00:00:00 Monday
311.6667,314.6667,302.88336666666663,306.5634,88136301,306.5634,2022-08-16 00:00:00 Tuesday
303.3966666666667,309.6566666666667,300.03333333333336,303.9967,68765968,303.9967,2022-08-17 00:00:00 Wednesday
306.0,306.5,301.8533333333333,302.87,47500529,302.87,2022-08-18 00:00:00 Thursday
299.0,300.36,292.5,296.6667,61395391,296.6667,2022-08-19 00:00:00 Friday
291.91333333333336,292.40003333333334,286.2967,289.9133,55843345,289.9133,2022-08-22 00:00:00 Monday
291.4533333333333,298.82666666666665,287.92333333333335,296.4533,63985048,296.4533,2022-08-23 00:00:00 Tuesday
297.5633666666667,303.6466666666667,296.5,297.0967,57259708,297.0967,2022-08-24 00:00:00 Wednesday
302.36,302.96,291.6,296.07,53230008,296.07,2022-08-25 00:00:00 Thursday
297.43,302.0,287.47,288.09,57163953,288.09,2022-08-26 00:00:00 Friday
282.83,287.74,280.7,284.82,41864738,284.82,2022-08-29 00:00:00 Monday
287.865,288.48,272.65,277.7,50541762,277.7,2022-08-30 00:00:00 Tuesday
280.62,281.25,271.81,275.61,52107340,275.61,2022-08-31 00:00:00 Wednesday
272.575,277.58,266.15,277.16,54287020,277.16,2022-09-01 00:00:00 Thursday
281.065,282.35,269.08,270.21,50890090,270.21,2022-09-02 00:00:00 Friday
272.675,275.99,265.74,274.42,55859980,274.42,2022-09-06 00:00:00 Tuesday
273.1,283.84,272.27,283.7,50028922,283.7,2022-09-07 00:00:00 Wednesday
281.3,289.5,279.76,289.26,53713121,289.26,2022-09-08 00:00:00 Thursday
291.67,299.85,291.245,299.68,54470848,299.68,2022-09-09 00:00:00 Friday
300.72,305.49,300.4,304.42,48674602,304.42,2022-09-12 00:00:00 Monday
292.9,297.3999,290.4,292.13,68229617,292.13,2022-09-13 00:00:00 Tuesday
292.24,306.0,291.64,302.61,72628648,302.61,2022-09-14 00:00:00 Wednesday
301.825,309.12,300.7247,303.75,64795520,303.75,2022-09-15 00:00:00 Thursday
299.605,303.71,295.6005,303.35,87087789,303.35,2022-09-16 00:00:00 Friday
300.09,309.84,297.8,309.07,60231160,309.07,2022-09-19 00:00:00 Monday
306.91,313.33,305.58,308.73,61642781,308.73,2022-09-20 00:00:00 Tuesday
308.29,313.8,300.63,300.8,62555660,300.8,2022-09-21 00:00:00 Wednesday
299.86,301.29,285.82,288.59,70545406,288.59,2022-09-22 00:00:00 Thursday
283.09,284.5,272.82,275.33,63748359,275.33,2022-09-23 00:00:00 Friday
271.83,284.09,270.31,276.01,58076910,276.01,2022-09-26 00:00:00 Monday
283.84,288.67,277.51,282.94,61925191,282.94,2022-09-27 00:00:00 Tuesday
283.08,289.0,277.57,287.81,54664809,287.81,2022-09-28 00:00:00 Wednesday
282.76,283.65,265.78,268.21,77620641,268.21,2022-09-29 00:00:00 Thursday
266.145,275.57,262.47,265.25,67726602,265.25,2022-09-30 00:00:00 Friday
254.5,255.16,241.01,242.4,98363539,242.4,2022-10-03 00:00:00 Monday
250.52,257.5,242.01,249.44,109578492,249.44,2022-10-04 00:00:00 Tuesday
245.01,246.6697,233.27,240.81,86982672,240.81,2022-10-05 00:00:00 Wednesday
239.44,244.58,235.35,238.13,69298438,238.13,2022-10-06 00:00:00 Thursday
233.935,234.5715,222.02,223.07,83916797,223.07,2022-10-07 00:00:00 Friday
223.93,226.99,218.3582,222.96,67925023,222.96,2022-10-10 00:00:00 Monday
220.945,225.75,215.0,216.5,77013203,216.5,2022-10-11 00:00:00 Tuesday
215.33,219.2999,211.51,217.24,66860703,217.24,2022-10-12 00:00:00 Wednesday
208.3,222.99,206.22,221.72,91483047,221.72,2022-10-13 00:00:00 Thursday
224.01,226.26,204.16,204.99,94124516,204.99,2022-10-14 00:00:00 Friday
210.04,221.86,209.45,219.35,79428805,219.35,2022-10-17 00:00:00 Monday
229.5,229.82,217.25,220.19,75891914,220.19,2022-10-18 00:00:00 Tuesday
219.8,222.93,217.78,222.04,66571477,222.04,2022-10-19 00:00:00 Wednesday
208.28,215.55,202.0,207.28,117798094,207.28,2022-10-20 00:00:00 Thursday
206.415,214.66,203.8,214.44,75713750,214.44,2022-10-21 00:00:00 Friday
205.82,213.5,198.5863,211.25,100446797,211.25,2022-10-24 00:00:00 Monday
210.1,224.3498,210.0,222.415,96507875,222.415,2022-10-25 00:00:00 Tuesday
219.4,230.6,218.2,224.64,85327078,224.64,2022-10-26 00:00:00 Wednesday
229.77,233.81,222.85,225.09,61638820,225.09,2022-10-27 00:00:00 Thursday
225.4,228.86,216.35,228.52,69152391,228.52,2022-10-28 00:00:00 Friday
226.19,229.85,221.94,227.54,61554340,227.54,2022-10-31 00:00:00 Monday
234.05,237.3951,227.28,227.82,62688820,227.82,2022-11-01 00:00:00 Tuesday
226.04,227.8699,214.82,214.98,63070289,214.98,2022-11-02 00:00:00 Wednesday
211.36,221.2,210.14,215.31,56538848,215.31,2022-11-03 00:00:00 Thursday
222.6,223.8,203.08,207.47,98622211,207.47,2022-11-04 00:00:00 Friday
208.65,208.9,196.66,197.08,93916523,197.08,2022-11-07 00:00:00 Monday
194.02,195.2,186.75,191.3,128803398,191.3,2022-11-08 00:00:00 Tuesday
190.775,195.89,177.12,177.59,127062703,177.59,2022-11-09 00:00:00 Wednesday
189.9,191.0,180.03,190.72,132703000,190.72,2022-11-10 00:00:00 Thursday
186.0,196.52,182.59,195.97,114403602,195.97,2022-11-11 00:00:00 Friday
192.77,195.73,186.34,190.95,92226648,190.95,2022-11-14 00:00:00 Monday
195.88,200.8237,192.06,194.42,91293789,194.42,2022-11-15 00:00:00 Tuesday
191.51,192.57,185.66,186.92,66567602,186.92,2022-11-16 00:00:00 Wednesday
183.96,186.16,180.9,183.17,64335969,183.17,2022-11-17 00:00:00 Thursday
185.05,185.19,176.55,180.19,76048875,180.19,2022-11-18 00:00:00 Friday
175.85,176.77,167.54,167.87,92882711,167.87,2022-11-21 00:00:00 Monday
168.63,170.92,166.185,169.91,78452328,169.91,2022-11-22 00:00:00 Tuesday
173.57,183.62,172.5,183.2,109536703,183.2,2022-11-23 00:00:00 Wednesday
185.06,185.2,180.63,182.86,50672738,182.86,2022-11-25 00:00:00 Friday
179.96,188.5,179.0,182.92,93038148,182.92,2022-11-28 00:00:00 Monday
184.99,186.38,178.75,180.83,83357109,180.83,2022-11-29 00:00:00 Tuesday
182.43,194.76,180.6301,194.7,109186398,194.7,2022-11-30 00:00:00 Wednesday
197.08,198.92,191.8,194.7,80046211,194.7,2022-12-01 00:00:00 Thursday
191.78,196.25,191.11,194.86,73645922,194.86,2022-12-02 00:00:00 Friday
189.44,191.27,180.55,182.45,93122672,182.45,2022-12-05 00:00:00 Monday
181.215,183.65,175.33,179.82,92150812,179.82,2022-12-06 00:00:00 Tuesday
175.03,179.38,172.218,174.04,84213281,174.04,2022-12-07 00:00:00 Wednesday
172.2,175.2,169.06,173.44,97624484,173.44,2022-12-08 00:00:00 Thursday
173.84,182.5,173.36,179.05,104872305,179.05,2022-12-09 00:00:00 Friday
176.1,177.37,167.52,167.82,109794492,167.82,2022-12-12 00:00:00 Monday
174.87,175.05,156.91,160.95,175862703,160.95,2022-12-13 00:00:00 Tuesday
159.25,161.62,155.31,156.8,140682297,156.8,2022-12-14 00:00:00 Wednesday
153.44,160.9299,153.28,157.67,122334492,157.67,2022-12-15 00:00:00 Thursday
159.635,160.99,150.04,150.23,139032188,150.23,2022-12-16 00:00:00 Friday
154.0,155.25,145.82,149.87,139390594,149.87,2022-12-19 00:00:00 Monday
146.05,148.47,137.66,137.8,159563297,137.8,2022-12-20 00:00:00 Tuesday
139.335,141.26,135.89,137.57,145417406,137.57,2022-12-21 00:00:00 Wednesday
136.0,136.63,122.26,125.35,210090297,125.35,2022-12-22 00:00:00 Thursday
126.37,128.6173,121.02,123.15,166989703,123.15,2022-12-23 00:00:00 Friday
117.495,119.67,108.76,109.1,208643391,109.1,2022-12-27 00:00:00 Tuesday
110.35,116.27,108.24,112.71,221070500,112.71,2022-12-28 00:00:00 Wednesday
120.385,123.57,117.495,121.82,221923297,121.82,2022-12-29 00:00:00 Thursday
119.95,124.48,119.75,123.18,157777297,123.18,2022-12-30 00:00:00 Friday
118.47,118.8,104.64,108.1,231402797,108.1,2023-01-03 00:00:00 Tuesday
109.11,114.59,107.52,113.64,180388984,113.64,2023-01-04 00:00:00 Wednesday
110.51,111.75,107.1601,110.34,157986297,110.34,2023-01-05 00:00:00 Thursday
103.0,114.39,101.81,113.06,220911109,113.06,2023-01-06 00:00:00 Friday
118.96,123.52,117.11,119.77,190284000,119.77,2023-01-09 00:00:00 Monday
121.07,122.76,114.92,118.85,167642500,118.85,2023-01-10 00:00:00 Tuesday
122.09,125.95,120.51,123.22,183810797,123.22,2023-01-11 00:00:00 Wednesday
122.56,124.1311,117.0,123.56,169400891,123.56,2023-01-12 00:00:00 Thursday
116.55,122.63,115.6,122.4,180714094,122.4,2023-01-13 00:00:00 Friday
125.695,131.7,125.02,131.49,186476984,131.49,2023-01-17 00:00:00 Tuesday
136.555,136.68,127.01,128.78,195680297,128.78,2023-01-18 00:00:00 Wednesday
127.26,129.99,124.3082,127.17,170291906,127.17,2023-01-19 00:00:00 Thursday
128.68,133.51,127.3466,133.42,138858094,133.42,2023-01-20 00:00:00 Friday
135.87,145.3793,134.27,143.75,203119203,143.75,2023-01-23 00:00:00 Monday
143.0,146.5,141.1,143.89,158699109,143.89,2023-01-24 00:00:00 Tuesday
141.905,146.41,138.07,144.43,192734297,144.43,2023-01-25 00:00:00 Wednesday
159.965,161.42,154.76,160.27,234815109,160.27,2023-01-26 00:00:00 Thursday
162.43,180.68,161.17,177.9,306590594,177.9,2023-01-27 00:00:00 Friday
178.05,179.77,166.5,166.66,230878797,166.66,2023-01-30 00:00:00 Monday
164.57,174.3,162.78,173.22,196813500,173.22,2023-01-31 00:00:00 Tuesday
173.89,183.805,169.93,181.41,213806297,181.41,2023-02-01 00:00:00 Wednesday
187.325,196.7501,182.61,188.27,217448297,188.27,2023-02-02 00:00:00 Thursday
183.95,199.0,183.69,189.98,232662000,189.98,2023-02-03 00:00:00 Friday
193.01,198.17,189.92,194.76,186188094,194.76,2023-02-06 00:00:00 Monday
196.43,197.5,189.55,196.81,186010297,196.81,2023-02-07 00:00:00 Tuesday
196.1,203.0,194.31,201.29,180673594,201.29,2023-02-08 00:00:00 Wednesday
207.775,214.0,204.77,207.32,215431391,207.32,2023-02-09 00:00:00 Thursday
202.225,206.2,192.89,196.89,204754094,196.89,2023-02-10 00:00:00 Friday
194.415,196.3,187.61,194.64,172475500,194.64,2023-02-13 00:00:00 Monday
191.94,209.82,189.44,209.25,216455703,209.25,2023-02-14 00:00:00 Tuesday
211.755,214.66,206.11,214.24,182108609,214.24,2023-02-15 00:00:00 Wednesday
210.78,217.65,201.84,202.04,229586500,202.04,2023-02-16 00:00:00 Thursday
199.985,208.44,197.5,208.31,213738500,208.31,2023-02-17 00:00:00 Friday
204.99,209.71,197.22,197.37,180018594,197.37,2023-02-21 00:00:00 Tuesday
197.93,201.99,191.78,200.86,191828500,200.86,2023-02-22 00:00:00 Wednesday
203.91,205.14,196.33,202.07,146360000,202.07,2023-02-23 00:00:00 Thursday
196.325,197.6695,192.8,196.88,142228094,196.88,2023-02-24 00:00:00 Friday
202.03,209.42,201.26,207.63,161028297,207.63,2023-02-27 00:00:00 Monday
210.59,211.23,203.75,205.71,153144891,205.71,2023-02-28 00:00:00 Tuesday
206.21,207.2,198.52,202.77,156852797,202.77,2023-03-01 00:00:00 Wednesday
186.74,193.7499,186.01,190.9,181979203,190.9,2023-03-02 00:00:00 Thursday
194.795,200.48,192.88,197.79,154193297,197.79,2023-03-03 00:00:00 Friday
198.54,198.6,192.3,193.81,128100094,193.81,2023-03-06 00:00:00 Monday
191.38,194.2,186.1,187.71,148125797,187.71,2023-03-07 00:00:00 Tuesday
185.04,186.5,180.0,182.0,151897797,182.0,2023-03-08 00:00:00 Wednesday
180.25,185.18,172.5124,172.92,170023812,172.92,2023-03-09 00:00:00 Thursday
175.13,178.29,168.44,173.44,191488891,173.44,2023-03-10 00:00:00 Friday
167.455,177.35,163.91,174.48,167790297,174.48,2023-03-13 00:00:00 Monday
177.31,183.8,177.1401,183.26,143717906,183.26,2023-03-14 00:00:00 Tuesday
180.8,182.34,176.03,180.45,145995594,180.45,2023-03-15 00:00:00 Wednesday
180.365,185.81,178.84,184.13,121374492,184.13,2023-03-16 00:00:00 Thursday
184.515,186.2199,177.33,180.13,133197109,180.13,2023-03-17 00:00:00 Friday
178.08,186.44,176.35,183.25,129684398,183.25,2023-03-20 00:00:00 Monday
188.28,198.0,188.04,197.58,153391391,197.58,2023-03-21 00:00:00 Tuesday
199.3,200.66,190.95,191.15,150376406,191.15,2023-03-22 00:00:00 Wednesday
195.26,199.31,188.65,192.22,144193906,192.22,2023-03-23 00:00:00 Thursday
191.65,192.36,187.15,190.41,116531602,190.41,2023-03-24 00:00:00 Friday
194.415,197.39,189.94,191.81,120851602,191.81,2023-03-27 00:00:00 Monday
192.0,192.35,185.43,189.19,98654641,189.19,2023-03-28 00:00:00 Tuesday
193.13,195.29,189.44,193.88,123660000,193.88,2023-03-29 00:00:00 Wednesday
195.58,197.33,194.42,195.28,110252203,195.28,2023-03-30 00:00:00 Thursday
197.53,207.79,197.2,207.46,170222094,207.46,2023-03-31 00:00:00 Friday
199.91,202.6897,192.2,194.77,169545906,194.77,2023-04-03 00:00:00 Monday
197.32,198.7446,190.32,192.58,126463797,192.58,2023-04-04 00:00:00 Tuesday
190.515,190.68,183.76,185.52,133882500,185.52,2023-04-05 00:00:00 Wednesday
183.08,186.39,179.74,185.06,123857906,185.06,2023-04-06 00:00:00 Thursday
179.94,185.1,176.11,184.51,142154594,184.51,2023-04-10 00:00:00 Monday
186.69,189.19,185.6475,186.79,115770898,186.79,2023-04-11 00:00:00 Tuesday
190.74,191.5846,180.31,180.54,150256297,180.54,2023-04-12 00:00:00 Wednesday
182.955,186.5,180.94,185.9,112933000,185.9,2023-04-13 00:00:00 Thursday
183.95,186.28,182.01,185.0,96438656,185.0,2023-04-14 00:00:00 Friday
186.32,189.69,182.69,187.04,116662203,187.04,2023-04-17 00:00:00 Monday
187.15,187.69,183.5775,184.31,92067023,184.31,2023-04-18 00:00:00 Tuesday
179.1,183.5,177.65,180.59,125732703,180.59,2023-04-19 00:00:00 Wednesday
166.165,169.7,160.56,162.99,210970797,162.99,2023-04-20 00:00:00 Thursday
164.8,166.0,161.3208,165.08,123539000,165.08,2023-04-21 00:00:00 Friday
164.65,165.65,158.61,162.55,140006594,162.55,2023-04-24 00:00:00 Monday
159.82,163.47,158.75,160.67,121999297,160.67,2023-04-25 00:00:00 Tuesday
160.29,160.67,153.14,153.75,153364094,153.75,2023-04-26 00:00:00 Wednesday
152.64,160.48,152.37,160.19,127015203,160.19,2023-04-27 00:00:00 Thursday
160.9,165.0,157.32,164.31,122515797,164.31,2023-04-28 00:00:00 Friday
163.17,163.28,158.83,161.83,109015000,161.83,2023-05-01 00:00:00 Monday
161.88,165.49,158.93,160.31,128259695,160.31,2023-05-02 00:00:00 Tuesday
160.01,165.0,159.91,160.61,119728000,160.61,2023-05-03 00:00:00 Wednesday
162.71,162.95,159.65,161.2,95108484,161.2,2023-05-04 00:00:00 Thursday
163.97,170.7899,163.51,170.06,107607297,170.06,2023-05-05 00:00:00 Friday
173.72,173.8,169.19,171.79,112249398,171.79,2023-05-08 00:00:00 Monday
168.95,169.82,166.56,169.15,88965039,169.15,2023-05-09 00:00:00 Tuesday
172.55,174.43,166.68,168.54,119840703,168.54,2023-05-10 00:00:00 Wednesday
168.7,173.57,166.79,172.08,103889906,172.08,2023-05-11 00:00:00 Thursday
176.07,177.38,167.23,167.98,157849594,167.98,2023-05-12 00:00:00 Friday
167.655,169.76,164.5499,166.35,105592492,166.35,2023-05-15 00:00:00 Monday
165.65,169.5184,164.35,166.52,98288789,166.52,2023-05-16 00:00:00 Tuesday
168.41,174.5,167.185,173.86,125473602,173.86,2023-05-17 00:00:00 Wednesday
174.22,177.06,172.45,176.89,109520305,176.89,2023-05-18 00:00:00 Thursday
177.17,181.95,176.31,180.14,136196703,180.14,2023-05-19 00:00:00 Friday
180.7,189.32,180.11,188.87,132001406,188.87,2023-05-22 00:00:00 Monday
186.2,192.96,185.26,185.77,156952094,185.77,2023-05-23 00:00:00 Tuesday
182.23,184.22,178.22,182.9,137605109,182.9,2023-05-24 00:00:00 Wednesday
186.54,186.78,180.58,184.47,96870719,184.47,2023-05-25 00:00:00 Thursday
184.62,198.6,184.53,193.17,162061500,193.17,2023-05-26 00:00:00 Friday
200.1,204.48,197.53,201.16,128818703,201.16,2023-05-30 00:00:00 Tuesday
199.78,203.95,195.12,203.93,150711703,203.93,2023-05-31 00:00:00 Wednesday
202.59,209.8,199.37,207.52,148029906,207.52,2023-06-01 00:00:00 Thursday
210.15,217.25,209.752,213.97,164398406,213.97,2023-06-02 00:00:00 Friday
217.8,221.29,214.52,217.61,151143109,217.61,2023-06-05 00:00:00 Monday
216.14,221.91,212.53,221.31,146911594,221.31,2023-06-06 00:00:00 Tuesday
228.0,230.8296,223.2,224.57,185710797,224.57,2023-06-07 00:00:00 Wednesday
224.22,235.23,223.01,234.86,164489703,234.86,2023-06-08 00:00:00 Thursday
249.07,252.42,242.02,244.4,200242406,244.4,2023-06-09 00:00:00 Friday
247.94,250.97,244.59,249.83,150740500,249.83,2023-06-12 00:00:00 Monday
253.51,259.68,251.34,258.71,162384297,258.71,2023-06-13 00:00:00 Tuesday
260.17,261.57,250.5,256.79,170575500,256.79,2023-06-14 00:00:00 Wednesday
248.4,258.95,247.29,255.9,160171203,255.9,2023-06-15 00:00:00 Thursday
258.92,263.6,257.2091,260.54,167915594,260.54,2023-06-16 00:00:00 Friday
261.5,274.75,261.12,274.45,165611203,274.45,2023-06-20 00:00:00 Tuesday
275.13,276.99,257.78,259.46,211797109,259.46,2023-06-21 00:00:00 Wednesday
250.77,265.0,248.25,264.61,166875906,264.61,2023-06-22 00:00:00 Thursday
259.29,262.45,252.8,256.6,177460797,256.6,2023-06-23 00:00:00 Friday
250.065,258.37,240.7,241.05,179990594,241.05,2023-06-26 00:00:00 Monday
243.24,250.3899,240.85,250.21,164968188,250.21,2023-06-27 00:00:00 Tuesday
249.7,259.88,248.89,256.24,159770797,256.24,2023-06-28 00:00:00 Wednesday
258.03,260.74,253.61,257.5,131283406,257.5,2023-06-29 00:00:00 Thursday
260.6,264.45,259.89,261.77,112620797,261.77,2023-06-30 00:00:00 Friday
276.49,284.25,275.11,279.82,118999000,279.82,2023-07-03 00:00:00 Monday
278.82,283.85,277.6,282.48,131530891,282.48,2023-07-05 00:00:00 Wednesday
278.09,279.97,272.88,276.54,120707398,276.54,2023-07-06 00:00:00 Thursday
278.43,280.78,273.77,274.43,113879203,274.43,2023-07-07 00:00:00 Friday
276.47,277.52,265.1,269.61,119425398,269.61,2023-07-10 00:00:00 Monday
268.65,270.9,266.37,269.79,91972359,269.79,2023-07-11 00:00:00 Tuesday
276.325,276.52,271.46,271.99,95672141,271.99,2023-07-12 00:00:00 Wednesday
274.59,279.45,270.6,277.9,112681508,277.9,2023-07-13 00:00:00 Thursday
277.01,285.3,276.31,281.38,120062398,281.38,2023-07-14 00:00:00 Friday
286.625,292.23,283.57,290.38,131569594,290.38,2023-07-17 00:00:00 Monday
290.15,295.26,286.01,293.34,112434703,293.34,2023-07-18 00:00:00 Tuesday
296.04,299.29,289.5201,291.26,142355391,291.26,2023-07-19 00:00:00 Wednesday
279.56,280.93,261.2,262.9,175158297,262.9,2023-07-20 00:00:00 Thursday
268.0,268.0,255.8,260.02,161796094,260.02,2023-07-21 00:00:00 Friday
255.85,269.85,254.12,269.06,137004984,269.06,2023-07-24 00:00:00 Monday
272.38,272.9,265.0,265.28,112757297,265.28,2023-07-25 00:00:00 Tuesday
263.25,268.04,261.75,264.35,95856180,264.35,2023-07-26 00:00:00 Wednesday
268.31,269.13,255.3,255.71,103697297,255.71,2023-07-27 00:00:00 Thursday
259.86,267.25,258.2312,266.44,111446000,266.44,2023-07-28 00:00:00 Friday
267.48,269.08,263.78,267.43,84582172,267.43,2023-07-31 00:00:00 Monday
266.26,266.47,260.25,261.07,83645719,261.07,2023-08-01 00:00:00 Tuesday
255.57,259.52,250.49,254.11,101752898,254.11,2023-08-02 00:00:00 Wednesday
252.04,260.49,252.0,259.32,97829555,259.32,2023-08-03 00:00:00 Thursday
260.97,264.77,253.11,253.86,99539914,253.86,2023-08-04 00:00:00 Friday
251.45,253.6511,242.76,251.45,111097906,251.45,2023-08-07 00:00:00 Monday
247.45,250.92,245.01,249.7,96642180,249.7,2023-08-08 00:00:00 Tuesday
250.87,251.1,241.9,242.19,101596305,242.19,2023-08-09 00:00:00 Wednesday
245.4,251.8,243.0,245.34,109498602,245.34,2023-08-10 00:00:00 Thursday
241.77,243.79,238.02,242.65,99038641,242.65,2023-08-11 00:00:00 Friday
235.7,240.66,233.75,239.76,98595328,239.76,2023-08-14 00:00:00 Monday
238.73,240.5,232.61,232.96,88197602,232.96,2023-08-15 00:00:00 Tuesday
228.02,233.97,225.38,225.6,112484492,225.6,2023-08-16 00:00:00 Wednesday
226.06,226.74,218.83,219.22,120718398,219.22,2023-08-17 00:00:00 Thursday
214.12,217.58,212.36,215.49,136276609,215.49,2023-08-18 00:00:00 Friday
221.5512,232.1343,220.58,231.28,135702703,231.28,2023-08-21 00:00:00 Monday
240.25,240.82,229.55,233.19,130597906,233.19,2023-08-22 00:00:00 Tuesday
229.34,238.98,229.29,236.86,101077602,236.86,2023-08-23 00:00:00 Wednesday
238.66,238.92,228.1801,230.04,99777430,230.04,2023-08-24 00:00:00 Thursday
231.31,239.0,230.35,238.59,106612203,238.59,2023-08-25 00:00:00 Friday
242.58,244.38,235.35,238.82,107673695,238.82,2023-08-28 00:00:00 Monday
238.58,257.48,237.77,257.18,134047594,257.18,2023-08-29 00:00:00 Tuesday
254.2,260.51,250.59,256.9,121988398,256.9,2023-08-30 00:00:00 Wednesday
255.98,261.18,255.05,258.08,108861695,258.08,2023-08-31 00:00:00 Thursday
257.26,259.0794,242.01,245.01,132541594,245.01,2023-09-01 00:00:00 Friday
245.0,258.0,244.86,256.49,129469602,256.49,2023-09-05 00:00:00 Tuesday
255.135,255.39,245.06,251.92,116959797,251.92,2023-09-06 00:00:00 Wednesday
245.07,252.81,243.265,251.49,115312898,251.49,2023-09-07 00:00:00 Thursday
251.22,256.52,246.67,248.5,118559602,248.5,2023-09-08 00:00:00 Friday
264.27,274.85,260.61,273.58,174667906,273.58,2023-09-11 00:00:00 Monday
270.76,278.39,266.6,267.48,135999906,267.48,2023-09-12 00:00:00 Tuesday
270.07,274.98,268.1,271.3,111673695,271.3,2023-09-13 00:00:00 Wednesday
271.32,276.7094,270.42,276.04,107709797,276.04,2023-09-14 00:00:00 Thursday
277.55,278.98,271.0,274.39,133692297,274.39,2023-09-15 00:00:00 Friday
271.16,271.44,263.7601,265.28,101543297,265.28,2023-09-18 00:00:00 Monday
264.35,267.85,261.2,266.5,103704000,266.5,2023-09-19 00:00:00 Tuesday
267.04,273.93,262.4606,262.59,122514602,262.59,2023-09-20 00:00:00 Wednesday
257.85,260.86,254.21,255.7,119951508,255.7,2023-09-21 00:00:00 Thursday
257.4,257.7888,244.48,244.88,127524094,244.88,2023-09-22 00:00:00 Friday
243.38,247.1,238.31,246.99,104636602,246.99,2023-09-25 00:00:00 Monday
242.98,249.55,241.6601,244.12,101993602,244.12,2023-09-26 00:00:00 Tuesday
244.262,245.33,234.58,240.5,136597203,240.5,2023-09-27 00:00:00 Wednesday
240.02,247.55,238.65,246.38,117058898,246.38,2023-09-28 00:00:00 Thursday
250.0,254.77,246.35,250.22,128522703,250.22,2023-09-29 00:00:00 Friday
244.81,254.2799,242.62,251.6,123810398,251.6,2023-10-02 00:00:00 Monday
248.61,250.02,244.45,246.53,101985297,246.53,2023-10-03 00:00:00 Tuesday
248.14,261.86,247.6,261.16,129721602,261.16,2023-10-04 00:00:00 Wednesday
260.0,263.6,256.25,260.05,119159203,260.05,2023-10-05 00:00:00 Thursday
253.98,261.65,250.65,260.53,118121797,260.53,2023-10-06 00:00:00 Friday
255.31,261.36,252.05,259.67,101377906,259.67,2023-10-09 00:00:00 Monday
257.75,268.94,257.65,263.62,122656000,263.62,2023-10-10 00:00:00 Tuesday
266.2,268.6,260.9,262.99,103706305,262.99,2023-10-11 00:00:00 Wednesday
262.92,265.41,256.6307,258.87,111508094,258.87,2023-10-12 00:00:00 Thursday
258.9,259.6,250.22,251.12,102296797,251.12,2023-10-13 00:00:00 Friday
250.05,255.3999,248.48,253.92,88917188,253.92,2023-10-16 00:00:00 Monday
250.1,257.183,247.08,254.85,93562914,254.85,2023-10-17 00:00:00 Tuesday
252.7,254.63,242.08,242.68,125147797,242.68,2023-10-18 00:00:00 Wednesday
225.95,230.61,216.78,220.11,170772703,220.11,2023-10-19 00:00:00 Thursday
217.01,218.8606,210.42,211.99,138010094,211.99,2023-10-20 00:00:00 Friday
210.0,216.98,202.51,212.08,150683391,212.08,2023-10-23 00:00:00 Monday
216.5,222.05,214.11,216.52,118231102,216.52,2023-10-24 00:00:00 Tuesday
215.88,220.1,212.2,212.42,107065102,212.42,2023-10-25 00:00:00 Wednesday
211.32,214.8,204.88,205.76,115112602,205.76,2023-10-26 00:00:00 Thursday
210.6,212.41,205.77,207.3,94881172,207.3,2023-10-27 00:00:00 Friday
209.28,210.88,194.67,197.36,136448188,197.36,2023-10-30 00:00:00 Monday
196.12,202.8,194.07,200.84,118068305,200.84,2023-10-31 00:00:00 Tuesday
204.04,205.99,197.85,205.66,121661695,205.66,2023-11-01 00:00:00 Wednesday
212.97,219.2,211.45,218.51,125987602,218.51,2023-11-02 00:00:00 Thursday
221.15,226.3701,218.4,219.96,119534797,219.96,2023-11-03 00:00:00 Friday
223.98,226.32,215.0,219.27,117335797,219.27,2023-11-06 00:00:00 Monday
219.98,223.12,215.72,222.18,116900094,222.18,2023-11-07 00:00:00 Tuesday
223.15,224.15,217.64,222.11,106584797,222.11,2023-11-08 00:00:00 Wednesday
219.75,220.8,206.68,209.98,142110500,209.98,2023-11-09 00:00:00 Thursday
210.03,215.38,205.69,214.65,131310128,214.65,2023-11-10 00:00:00 Friday
215.6,225.4,211.6101,223.71,140447594,223.71,2023-11-13 00:00:00 Monday
235.03,238.135,230.72,237.41,149771594,237.41,2023-11-14 00:00:00 Tuesday
239.29,246.7,236.45,242.84,150354000,242.84,2023-11-15 00:00:00 Wednesday
239.49,240.88,230.96,233.59,136816797,233.59,2023-11-16 00:00:00 Thursday
232.0,237.39,226.54,234.3,142766234,234.3,2023-11-17 00:00:00 Friday
234.04,237.1,231.02,235.6,116562398,235.6,2023-11-20 00:00:00 Monday
235.04,243.62,233.34,241.2,122288000,241.2,2023-11-21 00:00:00 Tuesday
242.04,244.01,231.4,234.21,118117078,234.21,2023-11-22 00:00:00 Wednesday
233.75,238.75,232.33,235.45,65125199,235.45,2023-11-24 00:00:00 Friday
236.89,238.33,232.1,236.08,112031797,236.08,2023-11-27 00:00:00 Monday
236.68,247.0,234.01,246.72,148549906,246.72,2023-11-28 00:00:00 Tuesday
249.21,252.75,242.76,244.14,135401297,244.14,2023-11-29 00:00:00 Wednesday
245.14,245.22,236.91,240.08,132353203,240.08,2023-11-30 00:00:00 Thursday
233.14,240.19,231.9,238.83,121331709,238.83,2023-12-01 00:00:00 Friday
238.94,239.49,238.85,239.35,124375,239.35,2023-12-02 00:00:00 Saturday
235.75,239.3733,233.2902,235.58,104099797,235.58,2023-12-04 00:00:00 Monday
233.87,246.66,233.7,238.72,137971109,238.72,2023-12-05 00:00:00 Tuesday
242.92,246.57,239.1709,239.37,126436203,239.37,2023-12-06 00:00:00 Wednesday
241.55,244.08,236.98,242.64,107142305,242.64,2023-12-07 00:00:00 Thursday
240.27,245.27,239.2701,243.84,103126797,243.84,2023-12-08 00:00:00 Friday
242.74,243.441,237.45,239.74,97913891,239.74,2023-12-11 00:00:00 Monday
238.55,238.99,233.87,237.01,95328312,237.01,2023-12-12 00:00:00 Tuesday
234.19,240.3,228.2,239.29,146286297,239.29,2023-12-13 00:00:00 Wednesday
241.22,253.88,240.79,251.05,160829203,251.05,2023-12-14 00:00:00 Thursday
251.21,254.13,248.3,253.5,135932797,253.5,2023-12-15 00:00:00 Friday
253.78,258.74,251.36,252.08,116416492,252.08,2023-12-18 00:00:00 Monday
253.48,258.3399,253.01,257.22,106737398,257.22,2023-12-19 00:00:00 Tuesday
256.41,259.84,247.0,247.14,125097000,247.14,2023-12-20 00:00:00 Wednesday
251.9,254.7999,248.55,254.5,109594203,254.5,2023-12-21 00:00:00 Thursday
256.76,258.22,251.37,252.54,93370086,252.54,2023-12-22 00:00:00 Friday
254.49,257.97,252.91,256.61,86892383,256.61,2023-12-26 00:00:00 Tuesday
258.35,263.34,257.52,261.44,106494398,261.44,2023-12-27 00:00:00 Wednesday
263.66,265.13,252.71,253.18,113619906,253.18,2023-12-28 00:00:00 Thursday
255.1,255.19,247.43,248.48,100891602,248.48,2023-12-29 00:00:00 Friday
250.08,251.25,244.41,248.42,104654203,248.42,2024-01-02 00:00:00 Tuesday
244.98,245.68,236.32,238.45,121082602,238.45,2024-01-03 00:00:00 Wednesday
239.25,242.7,237.73,237.93,102629297,237.93,2024-01-04 00:00:00 Thursday
236.86,240.1196,234.9001,237.49,92488945,237.49,2024-01-05 00:00:00 Friday
236.14,241.25,235.3,240.45,85166578,240.45,2024-01-08 00:00:00 Monday
238.11,238.9646,232.04,234.96,96705664,234.96,2024-01-09 00:00:00 Tuesday
235.1,235.5,231.29,233.94,91628492,233.94,2024-01-10 00:00:00 Wednesday
230.57,230.93,225.37,227.22,105873602,227.22,2024-01-11 00:00:00 Thursday
220.08,225.34,217.1501,218.89,123043797,218.89,2024-01-12 00:00:00 Friday
215.1,223.49,212.18,219.91,115355000,219.91,2024-01-16 00:00:00 Tuesday
214.86,215.67,212.01,215.55,103164398,215.55,2024-01-17 00:00:00 Wednesday
216.88,217.45,208.74,211.88,108595398,211.88,2024-01-18 00:00:00 Thursday
209.99,213.19,207.56,212.19,102260305,212.19,2024-01-19 00:00:00 Friday
212.26,217.8,206.27,208.8,117952492,208.8,2024-01-22 00:00:00 Monday
211.3,215.65,207.7516,209.14,106605906,209.14,2024-01-23 00:00:00 Tuesday
211.88,212.73,206.77,207.83,123369906,207.83,2024-01-24 00:00:00 Wednesday
189.7,193.0,180.06,182.63,198076797,182.63,2024-01-25 00:00:00 Thursday
185.5,186.78,182.1,183.25,107343203,183.25,2024-01-26 00:00:00 Friday
185.63,191.48,183.67,190.93,125013102,190.93,2024-01-29 00:00:00 Monday
195.33,196.3593,190.61,191.59,109982305,191.59,2024-01-30 00:00:00 Tuesday
186.995,193.97,185.8459,187.29,103221398,187.29,2024-01-31 00:00:00 Wednesday
188.5,189.88,184.28,188.86,91843281,188.86,2024-02-01 00:00:00 Thursday
185.04,188.69,182.0,187.91,110612703,187.91,2024-02-02 00:00:00 Friday
184.26,184.68,175.01,181.06,134294406,181.06,2024-02-05 00:00:00 Monday
177.21,186.49,177.11,185.1,122676000,185.1,2024-02-06 00:00:00 Tuesday
188.18,189.79,182.68,187.58,111535203,187.58,2024-02-07 00:00:00 Wednesday
189.0,191.6171,185.58,189.56,83034039,189.56,2024-02-08 00:00:00 Thursday
190.18,194.12,189.48,193.57,84476352,193.57,2024-02-09 00:00:00 Friday
192.11,194.73,187.28,188.13,95498602,188.13,2024-02-12 00:00:00 Monday
183.99,187.26,182.1087,184.02,86759477,184.02,2024-02-13 00:00:00 Tuesday
185.3,188.89,183.35,188.71,81202992,188.71,2024-02-14 00:00:00 Wednesday
189.16,200.88,188.8595,200.45,120831797,200.45,2024-02-15 00:00:00 Thursday
202.06,203.17,197.4,199.95,111346703,199.95,2024-02-16 00:00:00 Friday
196.13,198.6,189.13,193.76,104545797,193.76,2024-02-20 00:00:00 Tuesday
193.36,199.44,191.95,194.77,103844000,194.77,2024-02-21 00:00:00 Wednesday
194.0,198.32,191.36,197.41,92739453,197.41,2024-02-22 00:00:00 Thursday
195.31,197.57,191.5,191.97,78841917,191.97,2024-02-23 00:00:00 Friday
